USE DomZdravlja
GO

USE DomZdravlja
GO

INSERT INTO Dijagnoza (MKBSifra, Naziv, NazivLatinski) VALUES ('A00', 'Kolera', 'Cholera')
INSERT INTO Dijagnoza (MKBSifra, Naziv, NazivLatinski) VALUES ('A00.0', 'Kolera koju uzrokuje Vibrio cholerae, biovar cholerae, klasična kolera', 'Cholera classica')
INSERT INTO Dijagnoza (MKBSifra, Naziv, NazivLatinski) VALUES ('A00.1', 'Kolera koju uzrokuje Vibrio cholerae 01, biovar El Tor, El Tor kolera', 'Cholera El Tor')
INSERT INTO Dijagnoza (MKBSifra, Naziv, NazivLatinski) VALUES ('A00.9', 'Kolera, nespecificirana', 'Cholera, non specificata')
INSERT INTO Dijagnoza (MKBSifra, Naziv, NazivLatinski) VALUES ('A01', 'Trbušni tifus i paratifus', 'Febris typhica et febris paratyphica')
INSERT INTO Dijagnoza (MKBSifra, Naziv, NazivLatinski) VALUES ('A01.0', 'Trbušni tifus, Uzročnik Salmonella typhi', 'Typhus abdominalis')
INSERT INTO Dijagnoza (MKBSifra, Naziv, NazivLatinski) VALUES ('A01.1', 'Paratifus Aw', 'Paratyphus A')
INSERT INTO Dijagnoza (MKBSifra, Naziv, NazivLatinski) VALUES ('A01.2', 'Paratifus B', 'Paratyphus B')
INSERT INTO Dijagnoza (MKBSifra, Naziv, NazivLatinski) VALUES ('A01.3', 'Paratifus C', 'Paratyphus C')
INSERT INTO Dijagnoza (MKBSifra, Naziv, NazivLatinski) VALUES ('A01.4', 'Paratifus, nespecificiran, Uzročnik Salmonella paratyphi BPO', 'Paratyphus, non specificatus')
INSERT INTO Dijagnoza (MKBSifra, Naziv, NazivLatinski) VALUES ('A02', 'Ostale infekcije uzrokovane salmonelama', 'Salmonelloses aliae')
INSERT INTO Dijagnoza (MKBSifra, Naziv, NazivLatinski) VALUES ('A02.0', 'Entritis uzrokovan salmonelom, salmoneloza', 'Enteritis salmonellosa')
INSERT INTO Dijagnoza (MKBSifra, Naziv, NazivLatinski) VALUES ('A02.1', 'Sepsa uzrokovana salmonelom', 'Salmonellosis septica')
INSERT INTO Dijagnoza (MKBSifra, Naziv, NazivLatinski) VALUES ('A02.2', 'Lokalizirane infekcije salmonelama', 'Infectiones salmonellosae localisatae')
INSERT INTO Dijagnoza (MKBSifra, Naziv, NazivLatinski) VALUES ('A02.8', 'Ostale specificirane infekcije salmonelama', 'Infectiones salmonellosae aliae, specificatae')
INSERT INTO Dijagnoza (MKBSifra, Naziv, NazivLatinski) VALUES ('A02.9', 'Infekcije salmonelama, nespecificirane', 'Infectio salmonellosa, non specificata')
INSERT INTO Dijagnoza (MKBSifra, Naziv, NazivLatinski) VALUES ('A03', 'Šigeloze', 'Shigellosis')
INSERT INTO Dijagnoza (MKBSifra, Naziv, NazivLatinski) VALUES ('A03.0', 'Šigeloza koju uzrokuje Shigella dysenteriae, Šigeloza grupe A (Shiga-Kruse disenterija)', 'Dysenteria bacillaris per Shigellam dysenteriae')
INSERT INTO Dijagnoza (MKBSifra, Naziv, NazivLatinski) VALUES ('A03.1', 'Šigeloza koju uzrokuje Shigella flexneri, Šigeloza grupe B', 'Dysenteria bacillaris per Shigellam flexneri')
INSERT INTO Dijagnoza (MKBSifra, Naziv, NazivLatinski) VALUES ('A03.2', 'Šigeloza koju uzrokuje Shigella boydii, Šigeloza grupe C', 'Dysenteria bacillaris per Shigellam boydii')
INSERT INTO Dijagnoza (MKBSifra, Naziv, NazivLatinski) VALUES ('A03.3', 'Šigeloza koju uzrokuje Shigella sonnei, Šigeloza grupe D', 'Dysenteria bacillaris per Shigellam sonnei')
INSERT INTO Dijagnoza (MKBSifra, Naziv, NazivLatinski) VALUES ('A03.8', 'Ostale šigeloze', 'Shigelloses aliae')
INSERT INTO Dijagnoza (MKBSifra, Naziv, NazivLatinski) VALUES ('A03.9', 'Šigeloza, nespecificirana, Bacilarna dizenterija BPO', 'Shigellosis, non specificata')
INSERT INTO Dijagnoza (MKBSifra, Naziv, NazivLatinski) VALUES ('A04', 'Ostale bakterijske crijevne infekcije', 'Infectiones intestinales bacteriales aliae')
INSERT INTO Dijagnoza (MKBSifra, Naziv, NazivLatinski) VALUES ('A04.0', 'Infekcija enteropatogenom E.coli', 'Infectio intestinalis per Escherichiam coli enteropathogenem')
INSERT INTO Dijagnoza (MKBSifra, Naziv, NazivLatinski) VALUES ('A04.1', 'Infekcija enterotoksičnom E.coli', 'Infectio intestinalis per Escherichiam coli enterotoxigenem')
INSERT INTO Dijagnoza (MKBSifra, Naziv, NazivLatinski) VALUES ('A04.2', 'Infekcija enteroinvazivnom E.coli', 'Infectio intestinalis per Escherichiam coli enteroinvasivam')
INSERT INTO Dijagnoza (MKBSifra, Naziv, NazivLatinski) VALUES ('A04.3', 'Infekcija enterohemoragijskom E.coli', 'Infectio intestinalis per Escherichiam coli enterohaemorrhagicam')
INSERT INTO Dijagnoza (MKBSifra, Naziv, NazivLatinski) VALUES ('A04.4', 'Ostale crijevne infekcije koje uzrokuje, Escherichia coli, Enteritis koji uzrokuje E.coli BPO', 'Infectiones intestinales per Escherichiam coli aliae')
INSERT INTO Dijagnoza (MKBSifra, Naziv, NazivLatinski) VALUES ('A04.5', 'Enteritis koji uzrokuje Campylobacter', 'Enteritis campylobacterialis')
INSERT INTO Dijagnoza (MKBSifra, Naziv, NazivLatinski) VALUES ('A04.6', 'Enteritis koji uzrokuje Yersinia enterocolitica', 'Enteritis yersiniosa enterocolitica')
INSERT INTO Dijagnoza (MKBSifra, Naziv, NazivLatinski) VALUES ('A04.7', 'Enterokolitis koji uzrokuje Clostridium difficile', 'Enterocolitis per Clostridium difficile')
INSERT INTO Dijagnoza (MKBSifra, Naziv, NazivLatinski) VALUES ('A04.8', 'Ostale specificirane crijevne bakterijske infekcije', 'Infectiones intestinales bacteriales aliae, specificatae')
INSERT INTO Dijagnoza (MKBSifra, Naziv, NazivLatinski) VALUES ('A04.9', 'Bakterijske crijevne infekcije, nespecificirane, Bakterijski enteritis BPO', 'Infectio intestinalis bacterialis, non specificata')
INSERT INTO Dijagnoza (MKBSifra, Naziv, NazivLatinski) VALUES ('A05', 'Ostala bakterijska trovanja hranom (alimentarne intoksikacije)', 'Intoxicationes alimentariae bacteriales aliae, non alibi classificatae')
INSERT INTO Dijagnoza (MKBSifra, Naziv, NazivLatinski) VALUES ('A05.0', 'Alimentarna stafilokokna intoksikacija', 'Intoxicatio allimentaria staphylococcica')
INSERT INTO Dijagnoza (MKBSifra, Naziv, NazivLatinski) VALUES ('A05.1', 'Botulizam', 'Botulismus')
INSERT INTO Dijagnoza (MKBSifra, Naziv, NazivLatinski) VALUES ('A05.2', 'Alimentarna intoksikacija koju uzrokuje Clostridium perfringens (Clostridum welchii) Enteritis necroticans Pig-bel', 'Intoxicato ailmentaria per Clostridium perfringentem (Clostridium welchii)')
INSERT INTO Dijagnoza (MKBSifra, Naziv, NazivLatinski) VALUES ('A05.3', 'Alimentarna intoksikacija uzrokovana mikroorganizmom Vibrio parahaemolyticus', 'Intoxicatio alimentaria per Vibrionem parahaemolyticam')
INSERT INTO Dijagnoza (MKBSifra, Naziv, NazivLatinski) VALUES ('A05.4', 'Alimentarna intoksikacija uzrokovana mikroorganizmom Bacillus cereus', 'Intoxicatio alimentaria per Bacillum cereum')
INSERT INTO Dijagnoza (MKBSifra, Naziv, NazivLatinski) VALUES ('A05.8', 'Ostale specificirane bakterijske alimentarne intoksikacije', 'Intoxicationes alimentariae bacteriales aliae, specificatae')
INSERT INTO Dijagnoza (MKBSifra, Naziv, NazivLatinski) VALUES ('A05.9', 'Bakterijska alimentarna intoksikacija, nespecificirana', 'Intoxicatio alimentaria bacterialis, non specificata')
INSERT INTO Dijagnoza (MKBSifra, Naziv, NazivLatinski) VALUES ('A06', 'Amebijaza', 'Amoebiasis')
INSERT INTO Dijagnoza (MKBSifra, Naziv, NazivLatinski) VALUES ('A06.0', 'Akutna amebna dizenterija, Akutna amebijaza, Crijevna amebijaza BPO', 'Dysenteria amoebica acuta')
INSERT INTO Dijagnoza (MKBSifra, Naziv, NazivLatinski) VALUES ('A06.1', 'Kronična crijevna amebijaza', 'Amoebiasis intestinalis chronica')
INSERT INTO Dijagnoza (MKBSifra, Naziv, NazivLatinski) VALUES ('A06.2', 'Amebni nedizenterični kolitis', 'Colitis amoebica non dysenterica')
INSERT INTO Dijagnoza (MKBSifra, Naziv, NazivLatinski) VALUES ('A06.3', 'Intestinalni amebom, Amebom BPO', 'Amoeboma intestinale')
INSERT INTO Dijagnoza (MKBSifra, Naziv, NazivLatinski) VALUES ('A06.4', 'Amebni apsces jetre, Hepatalna amebijaza', 'Abscessus hepatis amoebicus')
INSERT INTO Dijagnoza (MKBSifra, Naziv, NazivLatinski) VALUES ('A06.5', 'Amebni apsces pluća (J99.8*), Amebni apsces pluća (i jetre)', 'Abscessus pulmonum amoebicus')
INSERT INTO Dijagnoza (MKBSifra, Naziv, NazivLatinski) VALUES ('A06.6', 'Amebni apsces mozga (G07*), Amebni apsces mozga (i jetre) (i pluća)', 'Abscessus cerebri amoebicus')
INSERT INTO Dijagnoza (MKBSifra, Naziv, NazivLatinski) VALUES ('A06.7', 'Kožna amebijaza', 'Amoebiasis cutanea')
INSERT INTO Dijagnoza (MKBSifra, Naziv, NazivLatinski) VALUES ('A06.8', 'Amebna infekcija drugih lokalizacija, Amebni apendicitis, balanitis (N51.2*)', 'Infectio amoebica localisationum aliorum')
INSERT INTO Dijagnoza (MKBSifra, Naziv, NazivLatinski) VALUES ('A06.9', 'Amebijaza, nespecificirana', 'Amoebiasis, non specificata')
INSERT INTO Dijagnoza (MKBSifra, Naziv, NazivLatinski) VALUES ('A07', 'Ostale crijevne bolesti uzrokovane protozoima', 'Infectiones intestinales protozoicae aliae')
INSERT INTO Dijagnoza (MKBSifra, Naziv, NazivLatinski) VALUES ('A07.0', 'Balantidijaza, Dizenterija uzrokovana balantidijama', 'Balantidiasis')
INSERT INTO Dijagnoza (MKBSifra, Naziv, NazivLatinski) VALUES ('A07.1', 'Giardijaza (lamblijaza)', 'Giardiasis [lambliasis]')
INSERT INTO Dijagnoza (MKBSifra, Naziv, NazivLatinski) VALUES ('A07.2', 'Izosporijaza, Infekcije koje uzrokuju Isospora belli i Isospora hominis, Crijevna kokcidioidoza, Izosporoza', 'Cryptosporidiasis')
INSERT INTO Dijagnoza (MKBSifra, Naziv, NazivLatinski) VALUES ('A07.8', 'Ostale specificirane crijevne bolesti uzrokovane protozoima, Crijevna trihomonijaza, Sarkocistoza, Sarkosporidijaza', 'Infectiones intestinales protozoicae aliae, specificatae')
INSERT INTO Dijagnoza (MKBSifra, Naziv, NazivLatinski) VALUES ('A07.9', 'Crijevne bolesti uzrokovane protozoima, nespecificirane, Dijareja uzrokovana flagelatima, Protozoarni(a) kolitis, dijareja, dizenterija', 'Infectio intestinalis protozoica, non specificata')
INSERT INTO Dijagnoza (MKBSifra, Naziv, NazivLatinski) VALUES ('A08', 'Virusne i druge specificirane crijevne infekcije', 'Infectiones intestinales virales')
INSERT INTO Dijagnoza (MKBSifra, Naziv, NazivLatinski) VALUES ('A08.0', 'Enteritis uzrokovan rotavirusima', 'Enteritis rotaviralis')
INSERT INTO Dijagnoza (MKBSifra, Naziv, NazivLatinski) VALUES ('A08.1', 'Akutna gastroenteropatija uzrokovana Norwalk agensom, Enteritis uzrokovan sitnim okruglastim virusima', 'Gastroenteritis acuta Norwalk')
INSERT INTO Dijagnoza (MKBSifra, Naziv, NazivLatinski) VALUES ('A08.2', 'Enteritis uzrokovan adenovirusima', 'Enteritis adenoviralis')
INSERT INTO Dijagnoza (MKBSifra, Naziv, NazivLatinski) VALUES ('A08.3', 'Ostali virusni enteritisi', 'Enteritides virales aliae')
INSERT INTO Dijagnoza (MKBSifra, Naziv, NazivLatinski) VALUES ('A08.4', 'Virusne crijevne infekcije, nespecificirane, Virusni enteritis BPO, gastroenteritis BPO, gastroenteropatija BPO', 'Infectio intestinalis viralis, non specificata')
INSERT INTO Dijagnoza (MKBSifra, Naziv, NazivLatinski) VALUES ('A08.5', 'Ostale specificirane crijevne infekcije', 'Infectiones intestinales aliae, specificatae')
INSERT INTO Dijagnoza (MKBSifra, Naziv, NazivLatinski) VALUES ('A09', 'Dijareja i gastroenteritis za koje se pretpostavlja da su infekcioznog podrijetla', 'Gastroenteritis et colitis origine infectiva et non specificata alia')
INSERT INTO Dijagnoza (MKBSifra, Naziv, NazivLatinski) VALUES ('A09.0', 'Dijareja i gastroenteritis za koje se pretpostavlja da su infekcioznog podrijetla', 'Gastroenteritis et colitis origine infectiva alia et non specificata')
INSERT INTO Dijagnoza (MKBSifra, Naziv, NazivLatinski) VALUES ('A001', 'Covid 19', 'Covid 19')
GO

INSERT INTO TipZaposlenika (Naziv)
VALUES ('Doktor')
INSERT INTO TipZaposlenika (Naziv)
VALUES ('Medicinska sestra')
GO

INSERT INTO Spol (Naziv)
VALUES ('Muško')
INSERT INTO Spol (Naziv)
VALUES ('Žensko')
GO

INSERT [dbo].[Kredencijal] ([KorisnickoIme], [Salt], [Hash]) VALUES (N'mhorvat', N'ketW7RjevYot8Frw6r+jAr5DiaR1TnKUrMd1pyslSIA=', N'4S+CasjG4JvAGuF9JTkZ4a3AvK+tr3zpvgxJjjl5NSk=')
INSERT [dbo].[Kredencijal] ([KorisnickoIme], [Salt], [Hash]) VALUES (N'dblazev', N'wuQVTy4ey+uI12pdg+tR+occQfe7fkyZZOI4X4F6e+8=', N'Exq+Fi+Dl+lEdffbW7syZJ+nOY9iDVCov9SICwom03I=')
INSERT [dbo].[Kredencijal] ([KorisnickoIme], [Salt], [Hash]) VALUES (N'mlackov', N'smajZT7OejVOjQ6L6IQL9VHFUIdB6dOs4yFnUePb1zs=', N'h+HFr4BscyABEmXhrs0jRoYu9U8HSTDABqH6jiP5M=')
INSERT [dbo].[Kredencijal] ([KorisnickoIme], [Salt], [Hash]) VALUES (N'spavlov', N'wLoBrqYi+v4iwxp21Rry237/GeD9hJ503CKhWcj1YKM=', N'awVs3MaWfdvPSE6QFYiDeh6MmUeO1IDMKQ7czE8fDes=')
INSERT [dbo].[Kredencijal] ([KorisnickoIme], [Salt], [Hash]) VALUES (N'ipetrov', N'D3sn2ZONZZqc7jbJb5SH8O0pCQmF7nSf03GdaQO0uvg=', N'VShKuicSOWY6MeEaJFrYDAQKYz7rb4QyBKXQpZXqpP8=')
INSERT [dbo].[Kredencijal] ([KorisnickoIme], [Salt], [Hash]) VALUES (N'mpetrov', N'l7zb73J3iAEJUG71p9+PXMo/b49/qoVEwd215FwpQJg=', N'7kpT1OaG4ak+jk6iI/EOOZJ5k+pjrxBlaqM5jQDF+QQ=')
INSERT [dbo].[Kredencijal] ([KorisnickoIme], [Salt], [Hash]) VALUES (N'jzovkic', N'uaFfp9mgtBrSA+oJnLMjN82m7PGAe3+VERie4I1xGfU=', N'dTDu0XSbfCsIWZtqNUzIi/QnGhb3yp4VV0BRWzk2ZKA=')
INSERT [dbo].[Kredencijal] ([KorisnickoIme], [Salt], [Hash]) VALUES (N'mferdic', N'uFDjBW7kU+HI5D0LrT71HX0YE7R5JgFkZHa07q9qccE=', N'KUDEMQXT1IluFTK6dGSfFJ8UVJtaaC6RwcUpycIO86w=')
INSERT [dbo].[Kredencijal] ([KorisnickoIme], [Salt], [Hash]) VALUES (N'gclift0', N'nVXjiNJbcYuR4KikC5mI8lW/bQm1Xii+NA7e1Z5/Agg=', N'9tuR722auuRfjA6Me10qG4jP+iwyLxh18MtSsjC/VZQ=')
INSERT [dbo].[Kredencijal] ([KorisnickoIme], [Salt], [Hash]) VALUES (N'calans1', N'aiWs6Dy1rGf+DCQ6CkPr/M+0Xat2d5jbVTsoxT/1fs0=', N'/450x8buDV3EtYdtJmE7VT+dsqehtbKchoHIybUZTKs=')
INSERT [dbo].[Kredencijal] ([KorisnickoIme], [Salt], [Hash]) VALUES (N'spenburton2', N'dK6F/6+hLm3UsXEZGWtq8F0GSPqD7CXx2E239uDlOek=', N'DKrEwfOSe3uTIsoEP9LSx6U1r+dxVoef3moYTwOPQsU=')
INSERT [dbo].[Kredencijal] ([KorisnickoIme], [Salt], [Hash]) VALUES (N'smcnee3', N'TqMVbwbaT9VGnXgcIBo+O/Elnjl+GNA835uSZOwU+24=', N'eXczce28upSJxvUTn25R9rtIki8KKsHB4dsNpBVFk=')
INSERT [dbo].[Kredencijal] ([KorisnickoIme], [Salt], [Hash]) VALUES (N'clearned4', N'ayR0ul/GduB7jn2u+CVI0igNIohTxehNx3/k8t1uS5M=', N'IQZUFue+A6f9VozZ2QBb0bDKrPJ5uHmz3ZKSeWreIik=')
INSERT [dbo].[Kredencijal] ([KorisnickoIme], [Salt], [Hash]) VALUES (N'hmacquarrie5', N'CVbcBg9T16jP4sgqXidmiyo7Pv2KwLOfNLKDL3xexRQ=', N'j/ilZvv3Lh2Clje/JnJYiJS7oNMsBTlr9Nm2NYVBeM4=')
INSERT [dbo].[Kredencijal] ([KorisnickoIme], [Salt], [Hash]) VALUES (N'kfollett6', N'xBj7xw7nbqqvkB67GAB4Ta3Po4/JhMw5EyZBZicvrog=', N'AjCeFG60Cvx2Px+DhY8Ax3kVJiy04OAjoDvp7YrkA1I=')
INSERT [dbo].[Kredencijal] ([KorisnickoIme], [Salt], [Hash]) VALUES (N'adroghan7', N'3RDXMKKq1ZQZETbuNaCoKC2Fmi0VIoe8mdGgcdVhBaA=', N'5M9Kf2jfUq6mcW72J74p69uMacV9GcSoRJQiYrHremA=')
INSERT [dbo].[Kredencijal] ([KorisnickoIme], [Salt], [Hash]) VALUES (N'msabberton8', N'4KZl2FjD4okYkCf/RSdW0gXd29N9YT+NaEwOBis00u8=', N'r0oDtI/bRnA+40sxnd25mI7dX5J+pdBntg+JCRn/fC0=')
INSERT [dbo].[Kredencijal] ([KorisnickoIme], [Salt], [Hash]) VALUES (N'draittie9', N'bfX30pLpPelChFVfBP5IoFqPab8LtFjjjum/jdvE38s=', N'aA6O76WTiCxsFAgY6gQkSOaSIURcRjC9aNfm5/Zy+pI=')
INSERT [dbo].[Kredencijal] ([KorisnickoIme], [Salt], [Hash]) VALUES (N'ydumbeltona', N'i9Viq2gfac2EGUf9gUNTwIBbh37Fl/5JKVpe3st4PBs=', N'qMiCTo8bG4cgFsGd+Vs76+waqMMN4V7TbTXZGMAXSOs=')
INSERT [dbo].[Kredencijal] ([KorisnickoIme], [Salt], [Hash]) VALUES (N'kyanshinovb', N'PdovsbphBTnIWrqr0JbxiUEvDYNMYB7NZ576xnD9fBo=', N'SsOGYxfblf/IJGInbqINgX9K1ZBObiQytrxT6v4oYuk=')
INSERT [dbo].[Kredencijal] ([KorisnickoIme], [Salt], [Hash]) VALUES (N'cscullardc', N'6wtDl1Nab+3vtNHE1ujQ9K4PXckfqzFLxtJwX89ueFw=', N'iloWCPMFAAIHGH/W4lw5AtX5XxYziYIuMCiScnldznQ=')
INSERT [dbo].[Kredencijal] ([KorisnickoIme], [Salt], [Hash]) VALUES (N'eoscannilld', N'LY5OoaLMJ3lzw7/Ncl6AgXOxz7MSjpjgvZEXcBrrSto=', N'DBOuVRJ3vzxtJCio9q53qC6uNa2cs9HxikAofeKzhuI=')
INSERT [dbo].[Kredencijal] ([KorisnickoIme], [Salt], [Hash]) VALUES (N'bembye', N'bf1xHbnmP6fpgMnYXrrtqT5Y9E9stMEAbYIUBcezFa4=', N'pAEob/yDlYtRXhPAN6OIgitDIvW8trNBYbVjAUcfn8I=')
INSERT [dbo].[Kredencijal] ([KorisnickoIme], [Salt], [Hash]) VALUES (N'nknevitf', N'NEihI0tNkTwYY+Lxvc/UIO88LNJyZwlkM3fXQ5FST1E=', N'/Eude/oRKZNr7xKThWYsFfbYQPqZkh2fW2HZOLIO7mQ=')
INSERT [dbo].[Kredencijal] ([KorisnickoIme], [Salt], [Hash]) VALUES (N'fkearneyg', N'MQZWBzlHzyZ7wnXerYDa51Cy5GKOiN8mg58NW0BjYRU=', N'qLXFQm99IYRtPP9n5qWdGNeS6fD1BbRHqWHwCxXXx4o=')
INSERT [dbo].[Kredencijal] ([KorisnickoIme], [Salt], [Hash]) VALUES (N'dbimh', N'+G+PePJU7afWxJWx9pRwU3Se8AjbxLjEVwXThE1FhPM=', N'8UkDzh7tb1G0GNePLyMIvS1ybrZfXfXu7EEJIsr7yHg=')
INSERT [dbo].[Kredencijal] ([KorisnickoIme], [Salt], [Hash]) VALUES (N'jdevanneyi', N'D8TddJ3ak5Ik35Pgf+e1hJ2TviEpsKQ9AP9xXmEvuo4=', N'valW/hI4+luZhMC983QoxTamdlQX9x+sMfVmbwJ8w40=')
INSERT [dbo].[Kredencijal] ([KorisnickoIme], [Salt], [Hash]) VALUES (N'sbattj', N'pzZBEk5dH9+tSPsMjD7WOEYYuqlh3jrsMu1hReuQHSk=', N'C/UqyWZAwk5ezBeMqixpPrVBYxQr+dGEZQNHvXODf5w=')
INSERT [dbo].[Kredencijal] ([KorisnickoIme], [Salt], [Hash]) VALUES (N'sbalask', N'Nwe0d3rFqDjHFSITUndxp+Ea73ZUoFiNGW5dckRoEQo=', N'B24JImYC1JuXjXBRAPLYOWXHCk2RXQE/U3LqrsY0hGk=')
INSERT [dbo].[Kredencijal] ([KorisnickoIme], [Salt], [Hash]) VALUES (N'pschoolingl', N'DmNGvQx7p523KIE2VffTQFLAHirVylGSiXEsgEdOczU=', N'6tM231AKpEFQJABpZz8i+qfXDa2eIy+8p8P6PSxY2/4=')
INSERT [dbo].[Kredencijal] ([KorisnickoIme], [Salt], [Hash]) VALUES (N'fvieyram', N'yjY9UO9M361cMYA1DkBkGTI07tMdMtqsALbeA9h6yKo=', N'VsgID5vxKf1KKrN7r6s6RfzMJG17gpJ/UQ4M73VPUAE=')
INSERT [dbo].[Kredencijal] ([KorisnickoIme], [Salt], [Hash]) VALUES (N'agreghn', N'2M+L1M8KXA2vUSOkD0sVWQ/sV+y5rq2oXKXl3yuNPJA=', N'Q3AkBBhuVKzrjvBM6vfGWVqTuRrSPApJN9u5Z51BDnM=')
INSERT [dbo].[Kredencijal] ([KorisnickoIme], [Salt], [Hash]) VALUES (N'scollynso', N'aSzSYT3rRrtp37APx/e9ETlCZNCppX0YuWfxoCLwVRk=', N'JkrDUvqW63OJmhZDcOyfYLDI7QdskHqXNbf3sQglCT0=')
INSERT [dbo].[Kredencijal] ([KorisnickoIme], [Salt], [Hash]) VALUES (N'lwestpfelp', N'uFLYQYJNjz+lFPa1ro5c4E27HoL6NL0y2MLudSqnrVk=', N'hGTj24foZRc56kHx6oAMTHC9x+cDA2Tid3BS/zB4M=')
INSERT [dbo].[Kredencijal] ([KorisnickoIme], [Salt], [Hash]) VALUES (N'tbarracksq', N'I7TtwkLd1RHthtNcOe+UMzfHtwa+gt3QB7+xFVVIwhs=', N'/9886MEhZAjj+H24LRE4cfzuYgC+Y0kHrnMkAe6aQZA=')
INSERT [dbo].[Kredencijal] ([KorisnickoIme], [Salt], [Hash]) VALUES (N'frucklidger', N'k+V813dtX2NADJ+llqiNuzJHWBy5cazr97W5Larudvo=', N'nyuDnZ13hWdjiTX8h+WQ5BsB8Na36lPsFEARgdIsmYo=')
INSERT [dbo].[Kredencijal] ([KorisnickoIme], [Salt], [Hash]) VALUES (N'acodds', N'7Q64XnvotS5rmCRbTQlVWMZr5G4oQkbGG2otH62bTu4=', N'XRiz8aSRfIA1ZPfkKRZK3KFf8sk1m1XEFsgbhHF+dO4=')
INSERT [dbo].[Kredencijal] ([KorisnickoIme], [Salt], [Hash]) VALUES (N'tharberert', N'G7kMZgfF2txLwexWvJiQh5JpePBbouHO8ROHtT8JWvI=', N'Ni/sBdDxXtR7eFYBRSQtyVqpYQ3Cs+G2OX9sRfWdZrw=')
INSERT [dbo].[Kredencijal] ([KorisnickoIme], [Salt], [Hash]) VALUES (N'slangfatu', N'79rjUNzP2Mj2LdIXp3h3/LSKr283HVDqjIhcSYF6iXw=', N'51ipa0v30aXoMP8KsB/6EMKkazxBoNs0rlWNdNH1jKs=')
INSERT [dbo].[Kredencijal] ([KorisnickoIme], [Salt], [Hash]) VALUES (N'jbroxapv', N'SmHlsc1VZxoLC40r+mUpDv8Z56BtIVzZpAE8Vtvo2Y0=', N'Nru0G1MBOTZPufrTNxr+EQ8o9dldTSn98YBnmfXq0hU=')
INSERT [dbo].[Kredencijal] ([KorisnickoIme], [Salt], [Hash]) VALUES (N'llipsonw', N'mywgwnUuIuiZgSlwIzpffIfi4A+43t5dDswnzY1O5Mg=', N'/4G63ImUbwl5r2wVVADRpeI6YKiLbuB1sjZIpmAbV00=')
INSERT [dbo].[Kredencijal] ([KorisnickoIme], [Salt], [Hash]) VALUES (N'dwharinx', N'0OEg/zA/CpJz+ca4/PJakuWFNRb2TFFNlWbowwLVEts=', N'WvKK/iswWJuK28rpo73Sxfz4cTQ5M+N3ZRztfEVlyAg=')
INSERT [dbo].[Kredencijal] ([KorisnickoIme], [Salt], [Hash]) VALUES (N'glochriey', N'BhAaHl7k8HwbPDdyDp3F4YIHUXLnazZbAoVRt38AXP0=', N'dbkJpvx9J01LieuOldX2/8ga8mlUX9tAlgSWxyPuCM4=')
INSERT [dbo].[Kredencijal] ([KorisnickoIme], [Salt], [Hash]) VALUES (N'jchappelowz', N'OfzIgKVWhD6cfiPMY5zmGz6hfPweS/LGqcwgGb8sMzE=', N'rEY+RH6oQwE+BAMMOb+VqV0U5UKHtBeUp2cRwhCTlew=')
INSERT [dbo].[Kredencijal] ([KorisnickoIme], [Salt], [Hash]) VALUES (N'admitr10', N'CBQftC7S/UT0aHeOEuWhtQObBynlvG3yDDsTgkgW4l0=', N'KXWDb+IE9q198iHJ03YZelYAwK349ZbOYYIEO8LVr0w=')
INSERT [dbo].[Kredencijal] ([KorisnickoIme], [Salt], [Hash]) VALUES (N'sbudgett11', N'ZWafiz2kcLj4udwkMI7ouOaIEQ8GDqq1ikddrCGEOls=', N'9R0RN1FrJ3Wy+jOFI5M2QSvxv2s++rx5/pleWebB0b8=')
INSERT [dbo].[Kredencijal] ([KorisnickoIme], [Salt], [Hash]) VALUES (N'acapeling12', N'5CduD6MlTTKtT4WF+7X7qJbWukHSrICntl6GP/VRCjE=', N'KshZrXu4OBgeSJuuMUrmwm6Evra9+88+8exPczEnWrA=')
INSERT [dbo].[Kredencijal] ([KorisnickoIme], [Salt], [Hash]) VALUES (N'jhennemann13', N'eDdJed2bvZcfIcEE+5ym6DNbGJBlpxx43mDplozGMVw=', N'gzEFoIQb4YM9IR4j6y08RNF6UolH4MeOIbrN2KSafQk=')
INSERT [dbo].[Kredencijal] ([KorisnickoIme], [Salt], [Hash]) VALUES (N'pschaben14', N'ulmXDH58WGqN56YJ0nfIKBxKH5XZoq5EWMP+ovCrV3w=', N'jnNgJEoD0AH/LqWKq8wm2JRurWA7Zw4mzf9ocJLOCQ4=')
INSERT [dbo].[Kredencijal] ([KorisnickoIme], [Salt], [Hash]) VALUES (N'emcgeaney15', N'5rfLK/ZS6PlLN1MBgAnMSwTWyeeB2hM64u6WyEoLk=', N'L8c4MRyOYzuM2qOOeB7mUK54ITBncWZGYRM4eGZ4ijg=')
INSERT [dbo].[Kredencijal] ([KorisnickoIme], [Salt], [Hash]) VALUES (N'dquinet16', N'rYRuQBcFbd+EvA8ZOILglIWKTnCR1eRnvF5RWW64BKA=', N'K5LM3IjXTV5Ml6VtiOzDuzpHXJLon/CoiCyEr4yO40A=')
INSERT [dbo].[Kredencijal] ([KorisnickoIme], [Salt], [Hash]) VALUES (N'aantyshev17', N'uAQL/a55rd+7TRg1a2ehCSn+gRLuVzZyrYtOy9RNjJo=', N'GmH5ffOAkO8hTrajrNJbCxc9BL4k3PZZ2Pa1L/OCuY0=')
INSERT [dbo].[Kredencijal] ([KorisnickoIme], [Salt], [Hash]) VALUES (N'lyakovlev18', N'7716VtfkFIYujjo7NRz6igVVkaqfvseTwOvzGjS5JBE=', N'GtzCmThZahlcCw7Zi1dQFr2oMivtaEPh0ZFHbrSOZu0=')
INSERT [dbo].[Kredencijal] ([KorisnickoIme], [Salt], [Hash]) VALUES (N'sraynham19', N'dUGsWBEXISWZ1P2dGxgtnXcxRaQYP81hDDqcI8M3gVA=', N'Q62Hrkp8SmKfHuQlp9y9BEH0C+E5XQbzmqm1KzQHdUI=')
INSERT [dbo].[Kredencijal] ([KorisnickoIme], [Salt], [Hash]) VALUES (N'pdelahunt1a', N'gi8jefZkocDwUtaaeSCVSR2w9nTNP/LIUTQMP496TFg=', N'mEDeKXmJteTvYj/IFHRnCPOTlCdeNNqjmdFSWYHXtjU=')
INSERT [dbo].[Kredencijal] ([KorisnickoIme], [Salt], [Hash]) VALUES (N'vlippett1b', N'dQtwlNrGdjT706Cl0/yFdzCYEswHwapQZ1ACjXY0zX8=', N'gFv83fci0/GR8Nk5C+fmYyEc7VaLPS9ElDiMiKwIWy4=')
INSERT [dbo].[Kredencijal] ([KorisnickoIme], [Salt], [Hash]) VALUES (N'sforcer1c', N'NBZaO1SZy6OJjhQzI/cfykFSN/iTcj1B4/o6lVeIenw=', N'KrkkTN0qfP6eX+eMtDRffafMuBo474DkDVq0p/Zm85w=')
INSERT [dbo].[Kredencijal] ([KorisnickoIme], [Salt], [Hash]) VALUES (N'kmanicomb1d', N'Z1di5+kkUobUoE4LJ1960oVtESsFok2zqPda5/RA9ng=', N'0pImzGeWnOwBMGkyPEV/5BEL805F8hO3EJ4JA6BRMOU=')
GO


INSERT INTO Prebivaliste (UlicaBroj, Grad)
VALUES ('Tratinska ulica 75', 'Zagreb')
INSERT INTO Prebivaliste (UlicaBroj, Grad)
VALUES ('Ilica 250', 'Zagreb')
INSERT INTO Prebivaliste (UlicaBroj, Grad)
VALUES ('Jože Malekovića 6', 'Zaprešić')
INSERT INTO Prebivaliste (UlicaBroj, Grad)
VALUES ('Jaruščica 8', 'Zagreb')
INSERT INTO Prebivaliste (UlicaBroj, Grad)
VALUES ('Krapinska 13', 'Zagreb')
INSERT INTO Prebivaliste (UlicaBroj, Grad)
VALUES ('Selska 100', 'Zagreb')
INSERT INTO Prebivaliste (UlicaBroj, Grad)
VALUES ('Avenija Dubrovnik 6', 'Zagreb')
INSERT INTO Prebivaliste (UlicaBroj, Grad)
VALUES ('Savska cesta 50', 'Zagreb')
GO

insert into Prebivaliste (UlicaBroj, Grad) values ('Ilica 12', 'Bjelovar');
insert into Prebivaliste (UlicaBroj, Grad) values ('ilica 15', 'Varaždin');
insert into Prebivaliste (UlicaBroj, Grad) values ('Ilica 20', 'Ismet');
insert into Prebivaliste (UlicaBroj, Grad) values ('Ilica 33', 'Varaždin');
insert into Prebivaliste (UlicaBroj, Grad) values ('Trg Bana Jelačića 3', 'Senj');
insert into Prebivaliste (UlicaBroj, Grad) values ('Bana Jelačića 12', 'Pakrac');
insert into Prebivaliste (UlicaBroj, Grad) values ('Bana Jelačića 2', 'Senj');
insert into Prebivaliste (UlicaBroj, Grad) values ('Bana Jelačića 80', 'Split');
insert into Prebivaliste (UlicaBroj, Grad) values ('', 'Bjelovar');
insert into Prebivaliste (UlicaBroj, Grad) values ('Ilica 12', 'Pakrac');
insert into Prebivaliste (UlicaBroj, Grad) values ('ilica 15', 'Varaždin');
insert into Prebivaliste (UlicaBroj, Grad) values ('Ilica 20', 'Pakrac');
insert into Prebivaliste (UlicaBroj, Grad) values ('Ilica 33', 'Split');
insert into Prebivaliste (UlicaBroj, Grad) values ('Trg Bana Jelačića 3', 'Ismet');
insert into Prebivaliste (UlicaBroj, Grad) values ('Bana Jelačića 12', 'Varaždin');
insert into Prebivaliste (UlicaBroj, Grad) values ('Bana Jelačića 2', 'Split');
insert into Prebivaliste (UlicaBroj, Grad) values ('Bana Jelačića 80', 'Varaždin');
insert into Prebivaliste (UlicaBroj, Grad) values ('', 'Zagreb');
insert into Prebivaliste (UlicaBroj, Grad) values ('Ilica 12', 'Varaždin');
insert into Prebivaliste (UlicaBroj, Grad) values ('ilica 15', 'Pakrac');
insert into Prebivaliste (UlicaBroj, Grad) values ('Ilica 20', 'Dugobabe');
insert into Prebivaliste (UlicaBroj, Grad) values ('Ilica 33', 'Bjelovar');
insert into Prebivaliste (UlicaBroj, Grad) values ('Trg Bana Jelačića 3', 'Ismet');
insert into Prebivaliste (UlicaBroj, Grad) values ('Bana Jelačića 12', 'Ismet');
insert into Prebivaliste (UlicaBroj, Grad) values ('Bana Jelačića 2', 'Split');
insert into Prebivaliste (UlicaBroj, Grad) values ('Bana Jelačića 80', 'Zagreb');
insert into Prebivaliste (UlicaBroj, Grad) values ('', 'Zagreb');
insert into Prebivaliste (UlicaBroj, Grad) values ('Ilica 12', 'Split');
insert into Prebivaliste (UlicaBroj, Grad) values ('ilica 15', 'Zagreb');
insert into Prebivaliste (UlicaBroj, Grad) values ('Ilica 20', 'Pakrac');
insert into Prebivaliste (UlicaBroj, Grad) values ('Ilica 33', 'Zagreb');
insert into Prebivaliste (UlicaBroj, Grad) values ('Trg Bana Jelačića 3', 'Pakrac');
insert into Prebivaliste (UlicaBroj, Grad) values ('Bana Jelačića 12', 'Ismet');
insert into Prebivaliste (UlicaBroj, Grad) values ('Bana Jelačića 2', 'Zagreb');
insert into Prebivaliste (UlicaBroj, Grad) values ('Bana Jelačića 80', 'Pakrac');
insert into Prebivaliste (UlicaBroj, Grad) values ('', 'Zagreb');
insert into Prebivaliste (UlicaBroj, Grad) values ('Ilica 12', 'Varaždin');
insert into Prebivaliste (UlicaBroj, Grad) values ('ilica 15', 'Bjelovar');
insert into Prebivaliste (UlicaBroj, Grad) values ('Ilica 20', 'Pakrac');
insert into Prebivaliste (UlicaBroj, Grad) values ('Ilica 33', 'Dugobabe');
insert into Prebivaliste (UlicaBroj, Grad) values ('Trg Bana Jelačića 3', 'Dugobabe');
insert into Prebivaliste (UlicaBroj, Grad) values ('Bana Jelačića 12', 'Split');
insert into Prebivaliste (UlicaBroj, Grad) values ('Bana Jelačića 2', 'Bjelovar');
insert into Prebivaliste (UlicaBroj, Grad) values ('Bana Jelačića 80', 'Bjelovar');
insert into Prebivaliste (UlicaBroj, Grad) values ('', 'Zagreb');
insert into Prebivaliste (UlicaBroj, Grad) values ('Ilica 12', 'Bjelovar');
insert into Prebivaliste (UlicaBroj, Grad) values ('ilica 15', 'Dugobabe');
insert into Prebivaliste (UlicaBroj, Grad) values ('Ilica 20', 'Dugobabe');
insert into Prebivaliste (UlicaBroj, Grad) values ('Ilica 33', 'Dugobabe');
insert into Prebivaliste (UlicaBroj, Grad) values ('Trg Bana Jelačića 3', 'Split');

INSERT INTO Zaposlenik (Ime, Prezime, TipZaposlenikaID, DatumZaposlenja, PrebivalisteID, KredencijalID)
VALUES ('Maja', 'Horvat', 1, CONVERT(DATETIME, '01.08.2021', 104), 1, 1)
INSERT INTO Zaposlenik (Ime, Prezime, TipZaposlenikaID, DatumZaposlenja, PrebivalisteID, KredencijalID)
VALUES ('Đurđa', 'Blažević', 2, CONVERT(DATETIME, '01.08.2021', 104), 2, 2)
INSERT INTO Zaposlenik (Ime, Prezime, TipZaposlenikaID, DatumZaposlenja, PrebivalisteID, KredencijalID)
VALUES ('Marija', 'Lacković', 1, CONVERT(DATETIME, '01.09.2021', 104), 3, 3)
INSERT INTO Zaposlenik (Ime, Prezime, TipZaposlenikaID, DatumZaposlenja, PrebivalisteID, KredencijalID)
VALUES ('Sandra', 'Pavlović', 2, CONVERT(DATETIME, '01.09.2021', 104), 4, 4)

INSERT INTO Pacijent (Ime, Prezime, DatumRodenja, MBO, PrebivalisteID, SpolID, Telefon, Email, DatumUpisa, LijecnikID, KredencijalID, Aktivan)
VALUES ('Ivica', 'Petrović', CONVERT(DATETIME, '26.04.1975', 104), '698521489', 5, 1,'098654125', 'ivica@mail.hr', CONVERT(DATETIME, '01.09.2021', 104), 1, 5, 1)
INSERT INTO Pacijent (Ime, Prezime, DatumRodenja, MBO, PrebivalisteID, SpolID, Telefon, Email, DatumUpisa, LijecnikID, KredencijalID, Aktivan)
VALUES ('Marica', 'Petrović', CONVERT(DATETIME, '15.03.1981', 104), '874125695', 6, 2, '099741598', 'marica@mail.com', CONVERT(DATETIME, '02.09.2021', 104), 1, 6, 1)
INSERT INTO Pacijent (Ime, Prezime, DatumRodenja, MBO, PrebivalisteID, SpolID, Telefon, Email, DatumUpisa, LijecnikID, KredencijalID, Aktivan)
VALUES ('Jadranka', 'Zovkić', CONVERT(DATETIME, '28.02.1964', 104), '3514895455', 7, 2, '0993512588', 'jadranka@mail.com', CONVERT(DATETIME, '02.09.2021', 104), 3, 7, 1)
INSERT INTO Pacijent (Ime, Prezime, DatumRodenja, MBO, PrebivalisteID, SpolID, Telefon, Email, DatumUpisa, LijecnikID, KredencijalID, Aktivan)
VALUES ('Mirko', 'Ferdić', CONVERT(DATETIME, '13.12.1990', 104), '7621548962', 8, 1, '092541565', 'mirko@mail.com', CONVERT(DATETIME, '03.09.2021', 104), 3, 8, 1)
GO
insert into Pacijent (Ime, Prezime, DatumRodenja, MBO, PrebivalisteID, SpolID, Telefon, Email, DatumUpisa, LijecnikID, KredencijalID, Aktivan) values ('Alair', 'Vanacci', '7/15/2018', '6371036767', 8, 1, '091293907', 'avanacci0@tuttocitta.it', '11/6/2018', 3, 8, 1);
insert into Pacijent (Ime, Prezime, DatumRodenja, MBO, PrebivalisteID, SpolID, Telefon, Email, DatumUpisa, LijecnikID, KredencijalID, Aktivan) values ('Zonnya', 'Biaggetti', '7/22/2018', '2008541117', 9, 1, '097774973', 'zbiaggetti1@google.nl', '8/9/2018', 3, 9, 1);
insert into Pacijent (Ime, Prezime, DatumRodenja, MBO, PrebivalisteID, SpolID, Telefon, Email, DatumUpisa, LijecnikID, KredencijalID, Aktivan) values ('Quintina', 'Bate', '9/21/2019', '2847007878', 10, 1, '099074887', 'qbate2@hud.gov', '5/27/2019', 1, 10, 1);
insert into Pacijent (Ime, Prezime, DatumRodenja, MBO, PrebivalisteID, SpolID, Telefon, Email, DatumUpisa, LijecnikID, KredencijalID, Aktivan) values ('Heloise', 'Maltby', '3/26/2021', '1052276789', 11, 1, '094571469', 'hmaltby3@ibm.com', '12/24/2021', 3, 11, 1);
insert into Pacijent (Ime, Prezime, DatumRodenja, MBO, PrebivalisteID, SpolID, Telefon, Email, DatumUpisa, LijecnikID, KredencijalID, Aktivan) values ('Stephana', 'Gouldsmith', '1/4/2022', '8011843271', 12, 2, '097138127', 'sgouldsmith4@myspace.com', '6/20/2019', 1, 12, 1);
insert into Pacijent (Ime, Prezime, DatumRodenja, MBO, PrebivalisteID, SpolID, Telefon, Email, DatumUpisa, LijecnikID, KredencijalID, Aktivan) values ('Corabella', 'Prevett', '6/5/2020', '3104336112', 13, 1, '098033368', 'cprevett5@networksolutions.com', '2/29/2020', 3, 13, 1);
insert into Pacijent (Ime, Prezime, DatumRodenja, MBO, PrebivalisteID, SpolID, Telefon, Email, DatumUpisa, LijecnikID, KredencijalID, Aktivan) values ('Evered', 'Kunert', '11/2/2018', '4604661229', 14, 1, '094699304', 'ekunert6@bloglovin.com', '1/15/2017', 3, 14, 1);
insert into Pacijent (Ime, Prezime, DatumRodenja, MBO, PrebivalisteID, SpolID, Telefon, Email, DatumUpisa, LijecnikID, KredencijalID, Aktivan) values ('Ive', 'Siggery', '4/10/2019', '9362767068', 15, 1, '096873151', 'isiggery7@slate.com', '6/27/2017', 3, 15, 1);
insert into Pacijent (Ime, Prezime, DatumRodenja, MBO, PrebivalisteID, SpolID, Telefon, Email, DatumUpisa, LijecnikID, KredencijalID, Aktivan) values ('Valentia', 'Landy', '6/11/2017', '2851909308', 16, 1, '092603630', 'vlandy8@fda.gov', '4/5/2017', 3, 16, 1);
insert into Pacijent (Ime, Prezime, DatumRodenja, MBO, PrebivalisteID, SpolID, Telefon, Email, DatumUpisa, LijecnikID, KredencijalID, Aktivan) values ('Alvie', 'Pie', '10/16/2021', '0166633054', 17, 1, '099448278', 'apie9@macromedia.com', '12/29/2018', 1, 17, 1);
insert into Pacijent (Ime, Prezime, DatumRodenja, MBO, PrebivalisteID, SpolID, Telefon, Email, DatumUpisa, LijecnikID, KredencijalID, Aktivan) values ('Kerianne', 'Benezeit', '9/26/2017', '5013551194', 18, 1, '098541435', 'kbenezeita@ocn.ne.jp', '5/28/2021', 3, 18, 1);
insert into Pacijent (Ime, Prezime, DatumRodenja, MBO, PrebivalisteID, SpolID, Telefon, Email, DatumUpisa, LijecnikID, KredencijalID, Aktivan) values ('Michele', 'Painter', '4/16/2021', '1885032790', 19, 2, '094562922', 'mpainterb@google.com', '10/9/2021', 3, 19, 1);
insert into Pacijent (Ime, Prezime, DatumRodenja, MBO, PrebivalisteID, SpolID, Telefon, Email, DatumUpisa, LijecnikID, KredencijalID, Aktivan) values ('Mack', 'Pavkovic', '12/18/2016', '9707992969', 20, 2, '097545675', 'mpavkovicc@feedburner.com', '12/27/2020', 3, 20, 1);
insert into Pacijent (Ime, Prezime, DatumRodenja, MBO, PrebivalisteID, SpolID, Telefon, Email, DatumUpisa, LijecnikID, KredencijalID, Aktivan) values ('Deedee', 'Sheldrake', '12/29/2018', '9552667790', 21, 2, '095636696', 'dsheldraked@dion.ne.jp', '3/10/2021', 1, 21, 1);
insert into Pacijent (Ime, Prezime, DatumRodenja, MBO, PrebivalisteID, SpolID, Telefon, Email, DatumUpisa, LijecnikID, KredencijalID, Aktivan) values ('Ruthi', 'Hanhard', '8/23/2021', '1149321521', 22, 1, '093207822', 'rhanharde@nyu.edu', '5/23/2019', 3, 22, 1);
insert into Pacijent (Ime, Prezime, DatumRodenja, MBO, PrebivalisteID, SpolID, Telefon, Email, DatumUpisa, LijecnikID, KredencijalID, Aktivan) values ('Blair', 'Bowry', '1/29/2021', '0910177012', 23, 2, '090516611', 'bbowryf@merriam-webster.com', '5/18/2019', 3, 23, 1);
insert into Pacijent (Ime, Prezime, DatumRodenja, MBO, PrebivalisteID, SpolID, Telefon, Email, DatumUpisa, LijecnikID, KredencijalID, Aktivan) values ('Drake', 'Oles', '3/9/2021', '3386013981', 24, 1, '094888543', 'dolesg@slideshare.net', '1/10/2019', 1, 24, 1);
insert into Pacijent (Ime, Prezime, DatumRodenja, MBO, PrebivalisteID, SpolID, Telefon, Email, DatumUpisa, LijecnikID, KredencijalID, Aktivan) values ('Joshia', 'Boise', '7/20/2021', '4533266444', 25, 1, '096476408', 'jboiseh@topsy.com', '11/6/2018', 3, 25, 1);
insert into Pacijent (Ime, Prezime, DatumRodenja, MBO, PrebivalisteID, SpolID, Telefon, Email, DatumUpisa, LijecnikID, KredencijalID, Aktivan) values ('Forrest', 'Worsall', '3/2/2018', '6046109554', 26, 1, '099426259', 'fworsalli@paginegialle.it', '9/20/2020', 3, 26, 1);
insert into Pacijent (Ime, Prezime, DatumRodenja, MBO, PrebivalisteID, SpolID, Telefon, Email, DatumUpisa, LijecnikID, KredencijalID, Aktivan) values ('Jeramie', 'McKernan', '10/13/2020', '2767150659', 27, 2, '099960255', 'jmckernanj@bbc.co.uk', '2/27/2018', 3, 27, 1);
insert into Pacijent (Ime, Prezime, DatumRodenja, MBO, PrebivalisteID, SpolID, Telefon, Email, DatumUpisa, LijecnikID, KredencijalID, Aktivan) values ('Averill', 'Ollerearnshaw', '2/11/2019', '3123523993', 28, 1, '090247504', 'aollerearnshawk@independent.co.uk', '1/28/2018', 3, 28, 1);
insert into Pacijent (Ime, Prezime, DatumRodenja, MBO, PrebivalisteID, SpolID, Telefon, Email, DatumUpisa, LijecnikID, KredencijalID, Aktivan) values ('Timmie', 'Landes', '7/22/2019', '4989038170', 29, 1, '091922946', 'tlandesl@parallels.com', '11/23/2020', 1, 29, 1);
insert into Pacijent (Ime, Prezime, DatumRodenja, MBO, PrebivalisteID, SpolID, Telefon, Email, DatumUpisa, LijecnikID, KredencijalID, Aktivan) values ('Farlee', 'Seedhouse', '9/27/2020', '7335578130', 30, 2, '094098769', 'fseedhousem@google.fr', '8/30/2018', 1, 30, 1);
insert into Pacijent (Ime, Prezime, DatumRodenja, MBO, PrebivalisteID, SpolID, Telefon, Email, DatumUpisa, LijecnikID, KredencijalID, Aktivan) values ('Othilia', 'Ganiford', '7/11/2018', '5071178508', 31, 2, '097429993', 'oganifordn@rakuten.co.jp', '5/20/2018', 1, 31, 1);
insert into Pacijent (Ime, Prezime, DatumRodenja, MBO, PrebivalisteID, SpolID, Telefon, Email, DatumUpisa, LijecnikID, KredencijalID, Aktivan) values ('Randall', 'Eton', '6/26/2017', '1438247362', 32, 2, '091347354', 'retono@blogger.com', '9/26/2018', 1, 32, 1);
insert into Pacijent (Ime, Prezime, DatumRodenja, MBO, PrebivalisteID, SpolID, Telefon, Email, DatumUpisa, LijecnikID, KredencijalID, Aktivan) values ('Lelia', 'Pickervance', '9/28/2019', '0746962580', 33, 2, '093147725', 'lpickervancep@patch.com', '9/15/2017', 1, 33, 1);
insert into Pacijent (Ime, Prezime, DatumRodenja, MBO, PrebivalisteID, SpolID, Telefon, Email, DatumUpisa, LijecnikID, KredencijalID, Aktivan) values ('Beatriz', 'Thomerson', '9/8/2018', '5074422471', 34, 1, '091309687', 'bthomersonq@auda.org.au', '9/23/2020', 3, 34, 1);
insert into Pacijent (Ime, Prezime, DatumRodenja, MBO, PrebivalisteID, SpolID, Telefon, Email, DatumUpisa, LijecnikID, KredencijalID, Aktivan) values ('Raffarty', 'Terbruggen', '6/2/2018', '8653051496', 35, 1, '095226723', 'rterbruggenr@guardian.co.uk', '3/8/2017', 1, 35, 1);
insert into Pacijent (Ime, Prezime, DatumRodenja, MBO, PrebivalisteID, SpolID, Telefon, Email, DatumUpisa, LijecnikID, KredencijalID, Aktivan) values ('Tabby', 'Crimp', '3/21/2019', '2247553206', 36, 1, '094122035', 'tcrimps@ameblo.jp', '7/5/2018', 2, 36, 1);
insert into Pacijent (Ime, Prezime, DatumRodenja, MBO, PrebivalisteID, SpolID, Telefon, Email, DatumUpisa, LijecnikID, KredencijalID, Aktivan) values ('Blithe', 'Parham', '12/12/2016', '9575015237', 37, 1, '098282611', 'bparhamt@prnewswire.com', '2/7/2017', 3, 37, 1);
insert into Pacijent (Ime, Prezime, DatumRodenja, MBO, PrebivalisteID, SpolID, Telefon, Email, DatumUpisa, LijecnikID, KredencijalID, Aktivan) values ('Jennilee', 'Twinbrow', '3/28/2020', '3120098751', 38, 2, '095430528', 'jtwinbrowu@hugedomains.com', '7/28/2018', 1, 38, 1);
insert into Pacijent (Ime, Prezime, DatumRodenja, MBO, PrebivalisteID, SpolID, Telefon, Email, DatumUpisa, LijecnikID, KredencijalID, Aktivan) values ('Ericha', 'Joselevitz', '3/2/2021', '8376134212', 39, 2, '096941984', 'ejoselevitzv@aboutads.info', '4/22/2021', 3, 39, 1);
insert into Pacijent (Ime, Prezime, DatumRodenja, MBO, PrebivalisteID, SpolID, Telefon, Email, DatumUpisa, LijecnikID, KredencijalID, Aktivan) values ('Alaine', 'Agg', '8/7/2019', '1458961612', 40, 2, '096221152', 'aaggw@scientificamerican.com', '4/30/2021', 1, 40, 1);
insert into Pacijent (Ime, Prezime, DatumRodenja, MBO, PrebivalisteID, SpolID, Telefon, Email, DatumUpisa, LijecnikID, KredencijalID, Aktivan) values ('Lilly', 'Rowlett', '2/3/2020', '3464779941', 41, 2, '094224472', 'lrowlettx@wp.com', '1/24/2021', 3, 41, 1);
insert into Pacijent (Ime, Prezime, DatumRodenja, MBO, PrebivalisteID, SpolID, Telefon, Email, DatumUpisa, LijecnikID, KredencijalID, Aktivan) values ('Angela', 'Bremmer', '2/21/2019', '8755563259', 42, 1, '095861851', 'abremmery@netlog.com', '12/22/2017', 3, 42, 1);
insert into Pacijent (Ime, Prezime, DatumRodenja, MBO, PrebivalisteID, SpolID, Telefon, Email, DatumUpisa, LijecnikID, KredencijalID, Aktivan) values ('Lotta', 'Boyington', '5/14/2019', '8547594419', 43, 1, '097017466', 'lboyingtonz@bravesites.com', '9/3/2020', 1, 43, 1);
insert into Pacijent (Ime, Prezime, DatumRodenja, MBO, PrebivalisteID, SpolID, Telefon, Email, DatumUpisa, LijecnikID, KredencijalID, Aktivan) values ('Lynnelle', 'Liddy', '11/15/2017', '6975387461', 44, 2, '092842198', 'lliddy10@buzzfeed.com', '12/29/2019', 1, 44, 1);
insert into Pacijent (Ime, Prezime, DatumRodenja, MBO, PrebivalisteID, SpolID, Telefon, Email, DatumUpisa, LijecnikID, KredencijalID, Aktivan) values ('Hayyim', 'Henriet', '1/16/2019', '6171405635', 45, 2, '097938078', 'hhenriet11@timesonline.co.uk', '3/31/2018', 3, 45, 1);
insert into Pacijent (Ime, Prezime, DatumRodenja, MBO, PrebivalisteID, SpolID, Telefon, Email, DatumUpisa, LijecnikID, KredencijalID, Aktivan) values ('Lynnet', 'Dunstall', '1/5/2019', '3992894991', 46, 1, '090098917', 'ldunstall12@seesaa.net', '4/22/2017', 3, 46, 1);
insert into Pacijent (Ime, Prezime, DatumRodenja, MBO, PrebivalisteID, SpolID, Telefon, Email, DatumUpisa, LijecnikID, KredencijalID, Aktivan) values ('Maura', 'MacSherry', '5/18/2020', '6262380654', 47, 2, '096275339', 'mmacsherry13@sina.com.cn', '8/18/2017', 3, 47, 1);
insert into Pacijent (Ime, Prezime, DatumRodenja, MBO, PrebivalisteID, SpolID, Telefon, Email, DatumUpisa, LijecnikID, KredencijalID, Aktivan) values ('Bertrand', 'Hutchison', '10/18/2020', '0069014625', 48, 1, '096429938', 'bhutchison14@yellowpages.com', '3/9/2017', 3, 48, 1);
insert into Pacijent (Ime, Prezime, DatumRodenja, MBO, PrebivalisteID, SpolID, Telefon, Email, DatumUpisa, LijecnikID, KredencijalID, Aktivan) values ('Felice', 'Tait', '5/29/2018', '6687332674', 49, 2, '097359901', 'ftait15@lulu.com', '3/13/2017', 3, 49, 1);
insert into Pacijent (Ime, Prezime, DatumRodenja, MBO, PrebivalisteID, SpolID, Telefon, Email, DatumUpisa, LijecnikID, KredencijalID, Aktivan) values ('Tomi', 'Babidge', '8/22/2019', '0283790652', 50, 2, '094723958', 'tbabidge16@goo.gl', '10/16/2018', 3, 50, 1);
insert into Pacijent (Ime, Prezime, DatumRodenja, MBO, PrebivalisteID, SpolID, Telefon, Email, DatumUpisa, LijecnikID, KredencijalID, Aktivan) values ('Kipp', 'Sea', '10/3/2018', '6348318584', 51, 2, '090824057', 'ksea17@unesco.org', '11/22/2020', 3, 51, 1);
insert into Pacijent (Ime, Prezime, DatumRodenja, MBO, PrebivalisteID, SpolID, Telefon, Email, DatumUpisa, LijecnikID, KredencijalID, Aktivan) values ('Jaymee', 'Batchelar', '5/17/2020', '5235377421', 52, 2, '091074406', 'jbatchelar18@etsy.com', '12/28/2017', 3, 52, 1);
insert into Pacijent (Ime, Prezime, DatumRodenja, MBO, PrebivalisteID, SpolID, Telefon, Email, DatumUpisa, LijecnikID, KredencijalID, Aktivan) values ('Guinna', 'Winthrop', '1/13/2020', '7865196289', 53, 2, '091587277', 'gwinthrop19@prlog.org', '6/2/2019', 3, 53, 1);
insert into Pacijent (Ime, Prezime, DatumRodenja, MBO, PrebivalisteID, SpolID, Telefon, Email, DatumUpisa, LijecnikID, KredencijalID, Aktivan) values ('Tatiana', 'Bartolacci', '8/19/2020', '7497190574', 54, 1, '095210908', 'tbartolacci1a@yahoo.com', '1/31/2022', 1, 54, 1);
insert into Pacijent (Ime, Prezime, DatumRodenja, MBO, PrebivalisteID, SpolID, Telefon, Email, DatumUpisa, LijecnikID, KredencijalID, Aktivan) values ('Kerrin', 'Haldene', '7/11/2019', '6613708490', 55, 1, '090385550', 'khaldene1b@cnet.com', '2/26/2020', 3, 55, 1);
insert into Pacijent (Ime, Prezime, DatumRodenja, MBO, PrebivalisteID, SpolID, Telefon, Email, DatumUpisa, LijecnikID, KredencijalID, Aktivan) values ('Jennifer', 'Nijs', '8/28/2021', '4643638291', 56, 2, '090982498', 'jnijs1c@domainmarket.com', '7/4/2018', 1, 56, 1);
insert into Pacijent (Ime, Prezime, DatumRodenja, MBO, PrebivalisteID, SpolID, Telefon, Email, DatumUpisa, LijecnikID, KredencijalID, Aktivan) values ('Brinn', 'Seery', '3/21/2019', '3341211168', 57, 2, '099079294', 'bseery1d@ted.com', '6/23/2019', 1, 57, 1);


INSERT INTO Ambulanta (LijecnikID, SestraID)
VALUES (1, 2)
INSERT INTO Ambulanta (LijecnikID, SestraID)
VALUES (3, 4)
GO

INSERT INTO Ustanova (Naziv)
VALUES ('KBC Zagreb')
INSERT INTO Ustanova (Naziv)
VALUES ('KBC Sestre Milosrdnice')
INSERT INTO Ustanova (Naziv)
VALUES ('KB Sveti Duh')
INSERT INTO Ustanova (Naziv)
VALUES ('KB Dubrava')
INSERT INTO Ustanova (Naziv)
VALUES ('KB Merkur')
GO

INSERT INTO Proizvodac (Naziv)
VALUES ('Pliva Hrvatska d.o.o.')
INSERT INTO Proizvodac (Naziv)
VALUES ('Belupo d.d.')
INSERT INTO Proizvodac (Naziv)
VALUES ('JGL d.d.')
INSERT INTO Proizvodac (Naziv)
VALUES ('Krka, d.d.')
INSERT INTO Proizvodac (Naziv)
VALUES ('Bayer AG')
INSERT INTO Proizvodac (Naziv)
VALUES ('Pfizer Inc.')
INSERT INTO Proizvodac (Naziv)
VALUES ('BioNTech SE')
INSERT INTO Proizvodac (Naziv)
VALUES ('AstraZeneca d.o.o.')
INSERT INTO Proizvodac (Naziv)
VALUES ('Moderna, Inc')
INSERT INTO Proizvodac (Naziv)
VALUES ('Johnson & Johnson S.E.')
INSERT INTO Proizvodac (Naziv)
VALUES ('Sanduz d.o.o.')
INSERT INTO Proizvodac (Naziv)
VALUES ('Jadran Laboratory d.d.')
INSERT INTO Proizvodac (Naziv)
VALUES ('Pharmas d.o.o.')
INSERT INTO Proizvodac (Naziv)
VALUES ('Mibe Pharmaceuticals')
INSERT INTO Proizvodac (Naziv)
VALUES ('Mylan Hrvatska d.o.o.')


INSERT INTO Lijek VALUES (1, 'Rinolan, 20mg', 'Loratadin')
INSERT INTO Lijek VALUES (2, 'Belogent, 0,5 mg + 1 mg/g', 'Betametazon, gentamicin')
INSERT INTO Lijek VALUES (2, 'Lupocet, 500 mg', 'Paracetamol')
INSERT INTO Lijek VALUES (2, 'Famosan, 40 mg',  'Famoridin')
INSERT INTO Lijek VALUES (15, 'Dicetel, 100 mg', 'Pinaverij bromid')
INSERT INTO Lijek VALUES (14, 'Biprol, 5 mg', 'Bisoprolol')
INSERT INTO Lijek VALUES (2, 'Misar, 0.25 mg', 'Alprazolam')
INSERT INTO Lijek VALUES (4, 'Helex, 0.25 mg', 'Alprazolam')
INSERT INTO Lijek VALUES (1, 'Ladiomil, 25 mg', 'Maprotilin')
INSERT INTO Lijek VALUES (1, 'Luxeta, 50 mg', 'Sertralin')
INSERT INTO Lijek VALUES (3, 'Sonalia, 50 mg', 'Sertralin')
INSERT INTO Lijek VALUES (3, 'Faxiven, 150 mg', 'Venlafaksin')
INSERT INTO Lijek VALUES (5, 'Eylea, 40 mg', 'Aflibercept')
INSERT INTO Lijek VALUES (1, 'Luxeta, 50 mg', 'Sertralin')
INSERT INTO Lijek VALUES (5, 'Ultravis,t 300 50 ml', 'Jopromid')
INSERT INTO Lijek VALUES (11, 'Acipan, 20 mg', 'Pantoprazol')
INSERT INTO Lijek VALUES (13, 'Glimepirid Pharmas, 2 mg', 'Glimepirid')
INSERT INTO Lijek VALUES (6, 'Fragmin, 0.2 ml', 'Dalteparin')
INSERT INTO Lijek VALUES (13, 'Glimepirid Pharmas, 2 mg', 'Glimepirid')
GO

INSERT INTO Cjepivo VALUES (6, 'Comirnaty', 'mRNA')
INSERT INTO Cjepivo VALUES (8, 'AstraZeneca', 'Vektorsko')
INSERT INTO Cjepivo VALUES (9, 'Spikevax', 'mRNA')
GO

INSERT INTO Pregled (PacijentID, Datum, DijagnozaID, Napomena)
VALUES (1, CONVERT(DATETIME, '03.09.2021', 104), 54, 'Bol u trbuhu')
INSERT INTO Pregled (PacijentID, Datum, DijagnozaID, Napomena)
VALUES (2, CONVERT(DATETIME, '03.09.2021', 104), 32, 'Probavne smetnje')
INSERT INTO Pregled (PacijentID, Datum, DijagnozaID, Napomena)
VALUES (3, CONVERT(DATETIME, '03.09.2021', 104), 51, 'Svrbež kože')
INSERT INTO Pregled (PacijentID, Datum, DijagnozaID, Napomena)
VALUES (4, CONVERT(DATETIME, '03.09.2021', 104), 15, 'Probavne smetnje')
GO

INSERT INTO Recept (PacijentID, DijagnozaID, LijekID, Datum, Napomena, Ponavljajuci, Odobren)
VALUES (1, 54, 3, CONVERT(DATETIME, '03.09.2021', 104), '1 tableta svakih 12 sati', 0, 1)
INSERT INTO Recept (PacijentID, DijagnozaID, LijekID, Datum, Napomena, Ponavljajuci, Odobren)
VALUES (3, 51, 3, CONVERT(DATETIME, '03.09.2021', 104), '1 tableta svakih 12 sati', 0, 1)
GO

INSERT INTO TipUputnice (Tip)
VALUES ('Konzilijarna zdravstvena zaštita')
INSERT INTO TipUputnice (Tip)
VALUES ('Bolničko liječenje')
INSERT INTO TipUputnice (Tip)
VALUES ('Specijalistička zdravstvena zaštita')
INSERT INTO TipUputnice (Tip)
VALUES ('Ambulantno liječenje')
GO

INSERT INTO Uputnica (TipUputniceID, PacijentID, DijagnozaID, UstanovaID, Datum, Napomena)
VALUES (1, 1, 54, 1, CONVERT(DATETIME, '03.09.2021', 104), 'Bol u trbuhu')
INSERT INTO Uputnica (TipUputniceID, PacijentID, DijagnozaID, UstanovaID, Datum, Napomena)
VALUES (1, 3, 51, 1, CONVERT(DATETIME, '03.09.2022', 104), 'Svrbež kože')
GO

INSERT INTO Cijepljenje (PacijentID, CjepivoID, Datum, Napomena)
VALUES (2, 1, CONVERT(DATETIME, '02.09.2021', 104), 'Prva doza')
INSERT INTO Cijepljenje (PacijentID, CjepivoID, Datum, Napomena)
VALUES (4, 2, CONVERT(DATETIME, '02.09.2021', 104), 'Prva doza')
GO

INSERT INTO PredefiniraniTermin VALUES ('8:00')
INSERT INTO PredefiniraniTermin VALUES ('8:30')
INSERT INTO PredefiniraniTermin VALUES ('9:00')
INSERT INTO PredefiniraniTermin VALUES ('9:30')
INSERT INTO PredefiniraniTermin VALUES ('10:00')
INSERT INTO PredefiniraniTermin VALUES ('10:30')
INSERT INTO PredefiniraniTermin VALUES ('11:00')
INSERT INTO PredefiniraniTermin VALUES ('11:30')
INSERT INTO PredefiniraniTermin VALUES ('12:00')
INSERT INTO PredefiniraniTermin VALUES ('12:30')
INSERT INTO PredefiniraniTermin VALUES ('13:00')
INSERT INTO PredefiniraniTermin VALUES ('13:30')
INSERT INTO PredefiniraniTermin VALUES ('14:00')
INSERT INTO PredefiniraniTermin VALUES ('14:30')
INSERT INTO PredefiniraniTermin VALUES ('15:00')
INSERT INTO PredefiniraniTermin VALUES ('15:30')